Model,Accuracy,Precision,Recall,F1-Score,ROC-AUC
Logistic Regression,0.9486830896706074,0.024187158980491816,0.9847839318320146,0.04721468382503137,0.9946781604000505
Decision Tree,0.9995379262002131,0.7375056280954525,0.996956786366403,0.8478260869565217,0.9994782468831103
Naïve Bayes,0.6991923138581276,0.004268724117120679,0.9987827145465612,0.008501115091421955,0.9835781278632547
XGBoost,0.9995866482675376,0.7589244320815948,0.9963481436396835,0.861578947368421,0.9998171587692828
AdaBoost,0.9915710823528672,0.13241602590044516,0.995739500912964,0.23374767823974854,0.9997796574070658
